<?xml version="1.0" encoding="UTF-8" standalone="yes"?>
<manifest>
  <control namespace="InputDateFieldColorChange" constructor="InputDateFieldToChange" version="0.0.1" display-name-key="InputDateFieldToChange" description-key="InputDateFieldToChange description" control-type="standard" api-version="1.3.8">
    <external-service-usage enabled="false"/>
    <property name="InputDateFieldToChange" display-name-key="InputDateFieldToChange_Display_Key" description-key="Change Background Colour" of-type="DateAndTime.DateOnly" usage="bound" required="true"/>
    <property name="ColorInRGB" display-name-key="ColorInRGB_Display_Key" description-key="Enter Color in rgb(zzz,yyy,xxx)" of-type="SingleLine.Text" usage="input" required="true"/>
    <resources>
      <code path="bundle.js" order="1"/>
      <css path="styles.css" order="1"/>
    </resources>
    <built-by name="pac" version="1.29.9"/>
  </control>
</manifest>